Employee_Name,PerfScoreID,FromDiversityJobFairID,Salary,Termd,Position,DOB,Sex,MaritalDesc,HispanicLatino,RaceDesc,TermReason,EmploymentStatus,Department,ManagerName,RecruitmentSource,PerformanceScore,EngagementSurvey,EmpSatisfaction,SpecialProjectsCount,DaysLateLast30,Absences,EmploymentDuration,On_Location
"Adinolfi, Wilson  K",4,0,62506,0,Production Technician I,07/10/83,M ,Single,No,White,N/A-StillEmployed,Active_1,Production       ,Michael Albert,LinkedIn,Exceeds,4.6,5,0,0,1,4520,1
"Ait Sidi, Karthikeyan   ",3,0,104437,1,Sr. DBA,05/05/75,M ,Married,No,White,career change,Voluntarily Terminated,IT/IS,Simon Roup,Indeed,Fully Meets,4.96,3,6,0,17,444,1
"Akinkuolie, Sarah",3,0,64955,1,Production Technician II,09/19/88,F,Married,No,White,hours,Voluntarily Terminated,Production       ,Kissy Sullivan,LinkedIn,Fully Meets,3.02,3,0,0,3,447,1
"Alagbe,Trina",3,0,64991,0,Production Technician I,09/27/88,F,Married,No,White,N/A-StillEmployed,Active_1,Production       ,Elijiah Gray,Indeed,Fully Meets,4.84,5,0,0,15,5795,1
"Anderson, Carol ",3,0,50825,1,Production Technician I,09/08/89,F,Divorced,No,White,return to school,Voluntarily Terminated,Production       ,Webster Butler,Google Search,Fully Meets,5.0,4,0,0,2,1884,1
"Anderson, Linda  ",4,0,57568,0,Production Technician I,05/22/77,F,Single,No,White,N/A-StillEmployed,Active_1,Production       ,Amy Dunn,LinkedIn,Exceeds,5.0,5,0,0,15,4332,1
"Andreola, Colby",3,0,95660,0,Software Engineer,05/24/79,F,Single,No,White,N/A-StillEmployed,Active_1,Software Engineering,Alex Sweetwater,LinkedIn,Fully Meets,3.04,3,4,0,19,3296,1
"Athwal, Sam",3,0,59365,0,Production Technician I,02/18/83,M ,Widowed,No,White,N/A-StillEmployed,Active_1,Production       ,Ketsia Liebig,Employee Referral,Fully Meets,5.0,4,0,0,19,3702,1
"Bachiochi, Linda",3,1,47837,0,Production Technician I,02/11/70,F,Single,No,Black or African American,N/A-StillEmployed,Active_3,Production       ,Brannon Miller,Diversity Job Fair,Fully Meets,4.46,3,0,0,4,5249,1
"Bacong, Alejandro ",3,0,50178,0,IT Support,01/07/88,M ,Divorced,No,White,N/A-StillEmployed,Active_1,IT/IS,Peter Monroe,Indeed,Fully Meets,5.0,5,6,0,16,3240,1
"Baczenski, Rachael  ",3,1,54670,1,Production Technician I,01/12/74,F,Married,Yes,Black or African American,Another position,Voluntarily Terminated,Production       ,David Stanley,Diversity Job Fair,Fully Meets,4.2,4,0,0,12,2194,1
"Barbara, Thomas",3,1,47211,1,Production Technician I,02/21/74,M ,Married,Yes,Black or African American,unhappy,Voluntarily Terminated,Production       ,Kissy Sullivan,Diversity Job Fair,Fully Meets,4.2,3,0,0,15,1631,1
"Barbossa, Hector",4,1,92328,0,Data Analyst,07/04/88,M ,Divorced,No,Black or African American,N/A-StillEmployed,Active_1,IT/IS,Simon Roup,Diversity Job Fair,Exceeds,4.28,4,5,0,9,3296,0
"Barone, Francesco  A",3,0,58709,0,Production Technician I,07/20/83,M ,Single,No,Two or more races,N/A-StillEmployed,Active_1,Production       ,Kelley Spirea,Google Search,Fully Meets,4.6,4,0,0,7,4290,1
"Barton, Nader",3,0,52505,1,Production Technician I,07/15/77,M ,Divorced,No,White,Another position,Voluntarily Terminated,Production       ,Michael Albert,On-line Web application,Fully Meets,5.0,5,0,0,1,1655,1
"Bates, Norman",3,0,57834,1,Production Technician I,10/18/81,M ,Single,No,White,attendance,Terminated for Cause,Production       ,Kelley Spirea,Google Search,Fully Meets,5.0,4,0,0,20,2356,1
"Beak, Kimberly  ",4,0,70131,0,Production Technician II,04/17/66,F,Married,No,White,N/A-StillEmployed,Active_2,Production       ,Kelley Spirea,Employee Referral,Exceeds,4.4,3,0,0,16,2677,1
"Beatrice, Courtney ",3,0,59026,0,Production Technician I,10/27/70,F,Single,No,White,N/A-StillEmployed,Active_1,Production       ,Elijiah Gray,Google Search,Fully Meets,5.0,5,0,0,12,4612,1
"Becker, Renee",3,0,110000,1,Database Administrator,04/04/86,F,Single,Yes,White,performance,Terminated for Cause,IT/IS,Simon Roup,Google Search,Fully Meets,4.5,4,5,0,8,432,1
"Becker, Scott",3,0,53250,0,Production Technician I,04/06/79,M ,Single,No,Asian,N/A-StillEmployed,Active_3,Production       ,Webster Butler,LinkedIn,Fully Meets,4.2,4,0,0,13,3786,1
"Bernstein, Sean",3,0,51044,0,Production Technician I,12/22/70,M ,Single,Yes,White,N/A-StillEmployed,Active_1,Production       ,Amy Dunn,Google Search,Fully Meets,5.0,3,0,0,13,4248,1
"Biden, Lowan  M",3,0,64919,0,Production Technician I,12/27/58,F,Divorced,No,Asian,N/A-StillEmployed,Active_1,Production       ,Ketsia Liebig,Indeed,Fully Meets,4.2,3,0,0,2,3744,1
"Billis, Helen",4,0,62910,0,Production Technician I,09/01/89,F,Married,No,White,N/A-StillEmployed,Active_1,Production       ,Brannon Miller,Indeed,Exceeds,5.0,3,0,0,19,3422,1
"Blount, Dianna",2,0,66441,0,Production Technician II,09/21/90,F,Single,No,White,N/A-StillEmployed,Active_1,Production       ,Michael Albert,CareerBuilder,Needs Improvement,2.0,3,0,2,3,4612,1
"Bondwell, Betsy",3,0,57815,1,Production Technician II,01/16/67,F,Single,No,White,career change,Voluntarily Terminated,Production       ,Elijiah Gray,Google Search,Fully Meets,4.8,5,0,0,5,1180,1
"Booth, Frank",3,0,103613,1,Enterprise Architect,07/30/64,M ,Single,No,Black or African American,Learned that he is a gangster,Terminated for Cause,IT/IS,Simon Roup,LinkedIn,Fully Meets,3.5,5,7,0,2,732,0
"Boutwell, Bonalyn",3,1,106367,0,Sr. Accountant,04/04/87,F,Married,No,Black or African American,N/A-StillEmployed,Active_1,Admin Offices,Brandon R. LeBlanc,Diversity Job Fair,Fully Meets,5.0,4,3,0,4,3198,1
"Bozzi, Charles",3,0,74312,1,Production Manager,03/10/70,M ,Single,No,Asian,retiring,Voluntarily Terminated,Production       ,Janet King,Indeed,Fully Meets,3.39,3,0,0,14,311,1
"Brill, Donna",3,0,53492,1,Production Technician I,08/24/90,F,Married,No,White,Another position,Voluntarily Terminated,Production       ,David Stanley,Google Search,Fully Meets,3.35,4,0,0,6,439,1
"Brown, Mia",3,1,63000,0,Accountant I,11/24/87,F,Married,No,Black or African American,N/A-StillEmployed,Active_1,Admin Offices,Brandon R. LeBlanc,Diversity Job Fair,Fully Meets,4.5,2,6,0,14,5501,1
"Buccheri, Joseph  ",3,0,65288,0,Production Technician II,07/28/83,M ,Single,No,White,N/A-StillEmployed,Active_1,Production       ,Webster Butler,Google Search,Fully Meets,3.19,3,0,0,9,3338,1
"Bugali, Josephine ",3,1,64375,0,Production Technician I,10/30/69,F,Separated,No,Black or African American,N/A-StillEmployed,Active_3,Production       ,Kissy Sullivan,Diversity Job Fair,Fully Meets,3.5,5,0,0,17,3660,1
"Bunbury, Jessica",3,0,74326,1,Area Sales Manager,06/01/64,F,Married,No,Black or African American,Another position,Voluntarily Terminated,Sales,John Smith,Google Search,Fully Meets,3.14,5,0,1,19,1083,0
"Burke, Joelle",3,0,63763,0,Production Technician II,03/02/80,F,Single,No,Black or African American,N/A-StillEmployed,Active_1,Production       ,Amy Dunn,Employee Referral,Fully Meets,4.51,4,0,0,3,4276,1
"Burkett, Benjamin ",3,0,62162,0,Production Technician II,08/19/77,M ,Married,No,White,N/A-StillEmployed,Active_1,Production       ,Ketsia Liebig,Indeed,Fully Meets,3.25,5,0,0,15,4612,1
"Cady, Max ",3,0,77692,0,Software Engineering Manager,11/22/66,M ,Single,No,White,N/A-StillEmployed,Active_1,Software Engineering,Jennifer Zamora,Google Search,Fully Meets,3.84,3,5,0,4,4479,1
"Candie, Calvin",4,0,72640,0,Production Manager,08/09/83,M ,Single,No,White,N/A-StillEmployed,Active_1,Production       ,Janet King,Indeed,Exceeds,5.0,3,0,0,14,2852,1
"Carabbio, Judith",3,0,93396,0,Software Engineer,04/05/87,F,Single,No,White,N/A-StillEmployed,Active_1,Software Engineering,Alex Sweetwater,Indeed,Fully Meets,4.96,4,6,0,3,3660,1
"Carey, Michael  ",3,0,52846,0,Production Technician I,02/02/83,M ,Single,No,Black or African American,N/A-StillEmployed,Active_1,Production       ,Kelley Spirea,LinkedIn,Fully Meets,4.43,3,0,0,14,3520,1
"Carr, Claudia  N",3,0,100031,0,Sr. DBA,06/06/86,F,Single,No,Black or African American,N/A-StillEmployed,Active_2,IT/IS,Simon Roup,LinkedIn,Fully Meets,5.0,5,6,0,7,2698,1
"Carter, Michelle ",3,0,71860,0,Area Sales Manager,05/15/63,F,Single,No,White,N/A-StillEmployed,Active_1,Sales,John Smith,Indeed,Fully Meets,5.0,5,0,0,7,3380,0
"Chace, Beatrice ",3,0,61656,0,Production Technician I,01/02/51,F,Single,No,White,N/A-StillEmployed,Active_1,Production       ,Michael Albert,Google Search,Fully Meets,5.0,4,0,0,11,3338,1
"Champaigne, Brian",3,0,110929,0,BI Director,02/09/72,M ,Married,No,White,N/A-StillEmployed,Active_1,IT/IS,Jennifer Zamora,Indeed,Fully Meets,4.5,5,7,0,8,2630,1
"Chan, Lin",3,0,54237,0,Production Technician I,02/12/79,F,Single,No,White,N/A-StillEmployed,Active_1,Production       ,Elijiah Gray,Indeed,Fully Meets,3.3,4,0,0,11,3478,1
"Chang, Donovan  E",3,0,60380,0,Production Technician I,08/24/83,M ,Single,No,White,N/A-StillEmployed,Active_1,Production       ,Webster Butler,LinkedIn,Fully Meets,3.8,5,0,0,4,3786,1
"Chigurh, Anton",3,0,66808,0,Area Sales Manager,06/11/70,M ,Single,No,Black or African American,N/A-StillEmployed,Active_1,Sales,Lynn Daneault,Employee Referral,Fully Meets,3.0,5,0,0,17,4206,0
"Chivukula, Enola",3,0,64786,1,Production Technician I,08/27/83,F,Single,No,White,relocation out of area,Voluntarily Terminated,Production       ,Amy Dunn,Indeed,Fully Meets,4.3,4,0,0,3,1602,1
"Cierpiszewski, Caroline  ",3,0,64816,0,Production Technician I,05/31/88,F,Single,No,Black or African American,N/A-StillEmployed,Active_1,Production       ,Ketsia Liebig,Indeed,Fully Meets,3.58,5,0,0,3,4430,1
"Clayton, Rick",3,0,68678,0,IT Support,09/05/85,M ,Single,No,White,N/A-StillEmployed,Active_1,IT/IS,Eric Dougall,Indeed,Fully Meets,4.7,3,6,0,2,4092,1
"Cloninger, Jennifer",3,0,64066,1,Production Technician II,08/31/81,F,Married,No,White,unhappy,Voluntarily Terminated,Production       ,Brannon Miller,Google Search,Fully Meets,4.2,5,0,0,9,602,1
"Close, Phil",3,0,59369,1,Production Technician II,11/25/78,M ,Married,No,White,career change,Voluntarily Terminated,Production       ,David Stanley,Indeed,Fully Meets,4.2,4,0,0,6,392,1
"Clukey, Elijian",4,0,50373,0,Production Technician I,08/26/80,M ,Married,No,White,N/A-StillEmployed,Active_2,Production       ,Brannon Miller,Employee Referral,Exceeds,4.1,4,0,0,5,2692,1
"Cockel, James",3,0,63108,0,Production Technician I,09/08/77,M ,Single,No,White,N/A-StillEmployed,Active_1,Production       ,David Stanley,Employee Referral,Fully Meets,4.4,5,0,0,3,3786,1
"Cole, Spencer",2,0,59144,1,Production Technician I,08/12/79,M ,Single,No,Black or African American,performance,Terminated for Cause,Production       ,Kissy Sullivan,LinkedIn,Needs Improvement,2.0,3,0,5,16,1901,1
"Corleone, Michael",2,0,68051,0,Production Manager,12/17/75,M ,Divorced,No,White,N/A-StillEmployed,Active_1,Production       ,Janet King,CareerBuilder,Needs Improvement,4.13,2,0,3,3,4870,1
"Corleone, Vito",4,0,170500,0,Director of Operations,03/19/83,M ,Single,No,Black or African American,N/A-StillEmployed,Active_1,Production       ,Janet King,Indeed,Exceeds,3.7,5,0,0,15,5431,1
"Cornett, Lisa ",3,0,63381,0,Production Technician I,03/31/77,F,Married,Yes,White,N/A-StillEmployed,Active_1,Production       ,Kelley Spirea,Indeed,Fully Meets,4.73,5,0,0,6,3240,1
"Costello, Frank",3,0,83552,0,Data Analyst,08/26/86,M ,Married,No,White,N/A-StillEmployed,Active_1,IT/IS,Simon Roup,Indeed,Fully Meets,3.04,3,6,0,2,3156,1
"Crimmings,   Jean",3,0,56149,0,Production Technician I,04/10/87,F,Single,No,White,N/A-StillEmployed,Active_2,Production       ,Michael Albert,LinkedIn,Fully Meets,4.12,5,0,0,15,2692,1
"Cross, Noah",3,0,92329,0,Sr. Network Engineer,09/09/65,M ,Single,No,White,N/A-StillEmployed,Active_1,IT/IS,Peter Monroe,Employee Referral,Fully Meets,5.0,3,4,0,5,3296,0
"Daneault, Lynn",3,0,65729,0,Sales Manager,04/19/90,F,Single,No,White,N/A-StillEmployed,Active_1,Sales,Debra Houlihan,Indeed,Fully Meets,4.62,4,0,0,8,3485,0
"Daniele, Ann  ",3,0,85028,0,Sr. Network Engineer,01/18/52,F,Married,No,White,N/A-StillEmployed,Active_3,IT/IS,Peter Monroe,LinkedIn,Fully Meets,3.1,5,8,0,19,3296,0
"Darson, Jene'ya ",3,0,57583,0,Production Technician I,11/05/78,F,Married,No,White,N/A-StillEmployed,Active_1,Production       ,Elijiah Gray,Indeed,Fully Meets,5.0,3,0,0,1,4157,1
"Davis, Daniel",3,0,56294,0,Production Technician II,09/14/79,M ,Single,No,Two or more races,N/A-StillEmployed,Active_1,Production       ,Kissy Sullivan,LinkedIn,Fully Meets,3.96,4,0,0,6,4395,1
"Dee, Randy",1,0,56991,0,Production Technician I,04/15/88,M ,Married,No,White,N/A-StillEmployed,Active_1,Production       ,Brannon Miller,Indeed,Fully Meets,4.3,4,3,2,2,1959,1
"DeGweck,  James",3,0,55722,1,Production Technician I,10/31/77,M ,Married,No,White,unhappy,Voluntarily Terminated,Production       ,Webster Butler,Indeed,Fully Meets,5.0,4,0,0,14,1850,1
"Del Bosque, Keyla",3,0,101199,0,Software Engineer,07/05/79,F,Single,No,Black or African American,N/A-StillEmployed,Active_1,Software Engineering,Alex Sweetwater,CareerBuilder,Fully Meets,3.79,5,5,0,8,4332,1
"Delarge, Alex",1,0,61568,0,Area Sales Manager,11/02/75,M ,Single,No,Two or more races,N/A-StillEmployed,Active_1,Sales,John Smith,Indeed,PIP,1.93,3,0,6,5,3338,0
"Demita, Carla",3,0,58275,1,Production Technician II,02/25/51,F,Separated,No,Black or African American,more money,Voluntarily Terminated,Production       ,Kelley Spirea,Google Search,Fully Meets,4.62,5,0,0,1,1675,1
"Desimone, Carl ",1,0,53189,0,Production Technician I,04/19/67,M ,Married,No,White,N/A-StillEmployed,Active_1,Production       ,Amy Dunn,Indeed,PIP,1.12,2,0,4,9,3422,1
"DeVito, Tommy",3,0,96820,0,BI Developer,09/04/83,M ,Single,No,White,N/A-StillEmployed,Active_1,IT/IS,Brian Champaigne,Indeed,Fully Meets,3.01,5,7,0,15,2468,1
"Dickinson, Geoff ",3,0,51259,0,Production Technician I,11/15/82,M ,Single,No,White,N/A-StillEmployed,Active_1,Production       ,Ketsia Liebig,Indeed,Fully Meets,4.3,4,0,0,1,3478,1
"Dietrich, Jenna  ",1,0,59231,0,Area Sales Manager,05/14/87,F,Single,Yes,White,N/A-StillEmployed,Active_1,Sales,John Smith,Website,PIP,2.3,1,0,2,17,4290,0
"DiNocco, Lily ",2,0,61584,0,Production Technician I,12/02/78,F,Married,No,Black or African American,N/A-StillEmployed,Active_1,Production       ,Brannon Miller,Indeed,Needs Improvement,3.88,4,0,0,6,3968,1
"Dobrin, Denisa  S",3,0,46335,0,Production Technician I,10/07/86,F,Single,Yes,White,N/A-StillEmployed,Active_1,Production       ,David Stanley,CareerBuilder,Fully Meets,3.4,5,0,0,15,4248,1
"Dolan, Linda",3,0,70621,0,IT Support,07/18/88,F,Married,No,White,N/A-StillEmployed,Active_1,IT/IS,Peter Monroe,Employee Referral,Fully Meets,4.11,4,6,0,16,3240,1
"Dougall, Eric",4,0,138888,0,IT Manager - Support,07/09/70,M ,Single,No,Black or African American,N/A-StillEmployed,Active_1,IT/IS,Jennifer Zamora,Indeed,Exceeds,4.3,5,5,0,4,3605,1
"Driver, Elle",4,0,74241,0,Area Sales Manager,11/08/88,F,Single,No,White,N/A-StillEmployed,Active_1,Sales,Lynn Daneault,Indeed,Exceeds,4.77,5,0,0,14,4696,0
"Dunn, Amy  ",3,0,75188,0,Production Manager,11/28/73,F,Single,No,White,N/A-StillEmployed,Active_1,Production       ,Janet King,Google Search,Fully Meets,4.52,4,0,0,4,3349,1
"Dunne, Amy",3,0,62514,0,Production Technician I,09/23/73,F,Married,No,White,N/A-StillEmployed,Active_1,Production       ,Ketsia Liebig,Google Search,Fully Meets,2.9,3,0,0,6,4955,1
"Eaton, Marianne",3,0,60070,1,Production Technician I,09/05/91,F,Married,No,White,military,Voluntarily Terminated,Production       ,Kissy Sullivan,Google Search,Fully Meets,5.0,3,0,0,7,2255,1
"Engdahl, Jean",3,0,48888,0,Production Technician I,05/31/74,M ,Single,No,White,N/A-StillEmployed,Active_1,Production       ,Kelley Spirea,LinkedIn,Fully Meets,4.7,5,0,0,8,3296,1
"England, Rex",3,0,54285,0,Production Technician I,08/25/78,M ,Married,No,White,N/A-StillEmployed,Active_1,Production       ,Kelley Spirea,Employee Referral,Fully Meets,4.2,3,0,0,3,3520,1
"Erilus, Angela",1,0,56847,0,Production Technician II,08/25/89,F,Separated,No,White,N/A-StillEmployed,Active_1,Production       ,Michael Albert,Indeed,PIP,3.0,1,0,2,5,3422,1
"Estremera, Miguel",2,0,60340,1,Production Technician I,09/02/83,M ,Single,No,White,attendance,Terminated for Cause,Production       ,Michael Albert,Google Search,Needs Improvement,5.0,4,0,5,16,2369,1
"Evensen, April",2,0,59124,1,Production Technician I,05/06/89,F,Single,No,White,"no-call, no-show",Terminated for Cause,Production       ,Elijiah Gray,Google Search,Needs Improvement,2.3,3,0,5,19,1469,1
"Exantus, Susan",2,0,99280,1,Software Engineer,05/15/87,F,Married,No,Black or African American,attendance,Terminated for Cause,Software Engineering,Alex Sweetwater,Indeed,Needs Improvement,2.1,5,4,4,19,765,1
"Faller, Megan ",3,0,71776,0,Production Technician II,09/22/78,F,Married,No,Black or African American,N/A-StillEmployed,Active_1,Production       ,Elijiah Gray,LinkedIn,Fully Meets,4.4,5,0,0,17,3422,1
"Fancett, Nicole",3,0,65902,0,Production Technician II,09/27/87,F,Single,No,Black or African American,N/A-StillEmployed,Active_1,Production       ,Webster Butler,LinkedIn,Fully Meets,4.0,4,0,0,7,3562,1
"Ferguson, Susan",3,0,57748,1,Production Technician I,04/14/55,F,Married,No,White,military,Voluntarily Terminated,Production       ,Webster Butler,Google Search,Fully Meets,3.13,3,0,0,16,1653,1
"Fernandes, Nilson  ",1,0,64057,0,Production Technician I,10/18/89,M ,Married,No,White,N/A-StillEmployed,Active_1,Production       ,Amy Dunn,Indeed,PIP,1.56,5,0,6,15,3114,1
"Fett, Boba",1,0,53366,0,Network Engineer,06/18/87,M ,Single,No,White,N/A-StillEmployed,Active_1,IT/IS,Peter Monroe,LinkedIn,PIP,1.2,3,6,3,2,3156,1
"Fidelia,  Libby",3,0,58530,0,Production Technician I,03/16/81,F,Married,No,White,N/A-StillEmployed,Active_1,Production       ,Brannon Miller,Google Search,Fully Meets,5.0,5,0,0,19,4332,1
"Fitzpatrick, Michael  J",3,0,72609,1,Production Technician II,10/01/81,M ,Single,Yes,White,hours,Voluntarily Terminated,Production       ,Amy Dunn,Google Search,Fully Meets,4.76,5,0,0,20,770,1
"Foreman, Tanya",3,0,55965,1,Production Technician II,11/08/83,F,Married,No,White,career change,Voluntarily Terminated,Production       ,Ketsia Liebig,Google Search,Fully Meets,3.66,3,0,0,6,646,1
"Forrest, Alex",3,0,70187,1,Area Sales Manager,07/07/75,M ,Married,No,White,Fatal attraction,Terminated for Cause,Sales,Lynn Daneault,Employee Referral,PIP,2.0,5,0,4,7,1420,1
"Foss, Jason",4,0,178000,0,IT Director,07/05/80,M ,Single,No,Black or African American,N/A-StillEmployed,Active_1,IT/IS,Jennifer Zamora,Indeed,Exceeds,5.0,5,5,0,15,4601,1
"Foster-Baker, Amy",3,0,99351,0,Sr. Accountant,04/16/79,F,Married,no,White,N/A-StillEmployed,Active_1,Admin Offices,Board of Directors,Other,Fully Meets,5.0,3,2,0,3,5431,1
"Fraval, Maruk ",3,0,67251,0,Area Sales Manager,08/28/63,M ,Single,No,Black or African American,N/A-StillEmployed,Active_1,Sales,Lynn Daneault,CareerBuilder,Fully Meets,4.3,3,0,2,7,4457,0
"Galia, Lisa",3,0,65707,0,IT Support,07/06/68,F,Single,No,White,N/A-StillEmployed,Active_1,IT/IS,Eric Dougall,LinkedIn,Fully Meets,4.7,4,5,0,1,4950,0
"Garcia, Raul",3,0,52249,0,Production Technician I,09/15/85,M ,Single,Yes,White,N/A-StillEmployed,Active_1,Production       ,David Stanley,Employee Referral,Fully Meets,4.5,3,0,0,5,3156,1
"Gaul, Barbara",3,0,53171,0,Production Technician I,12/02/83,F,Single,Yes,Black or African American,N/A-StillEmployed,Active_1,Production       ,Kelley Spirea,LinkedIn,Fully Meets,4.2,4,0,0,12,4570,1
"Gentry, Mildred",3,0,51337,0,Production Technician I,10/01/90,F,Married,No,Black or African American,N/A-StillEmployed,Active_1,Production       ,Michael Albert,LinkedIn,Fully Meets,3.73,3,0,0,19,3156,1
"Gerke, Melisa",3,1,51505,1,Production Technician I,05/15/70,F,Divorced,No,Black or African American,hours,Voluntarily Terminated,Production       ,Elijiah Gray,Diversity Job Fair,Fully Meets,4.24,4,0,0,2,1835,1
"Gill, Whitney  ",3,0,59370,1,Area Sales Manager,07/10/71,F,Widowed,No,Black or African American,attendance,Terminated for Cause,Sales,John Smith,CareerBuilder,Fully Meets,3.97,4,0,0,7,425,0
"Gilles, Alex",2,1,54933,1,Production Technician I,08/09/74,M ,Married,No,Black or African American,military,Voluntarily Terminated,Production       ,Webster Butler,Diversity Job Fair,Needs Improvement,3.97,4,0,3,15,1179,1
"Girifalco, Evelyn",4,0,57815,0,Production Technician I,05/08/80,F,Single,Yes,Two or more races,N/A-StillEmployed,Active_1,Production       ,Amy Dunn,Indeed,Exceeds,3.9,4,0,0,3,3338,1
"Givens, Myriam",3,0,61555,0,Area Sales Manager,09/22/89,F,Single,No,White,N/A-StillEmployed,Active_1,Sales,Lynn Daneault,Indeed,Fully Meets,4.5,5,0,0,20,3198,0
"Goble, Taisha",3,0,114800,1,Database Administrator,10/23/71,F,Single,No,White,"no-call, no-show",Terminated for Cause,IT/IS,Simon Roup,Indeed,Fully Meets,4.6,4,4,0,10,27,1
"Goeth, Amon",3,0,74679,0,IT Support,11/24/89,M ,Married,Yes,White,N/A-StillEmployed,Active_1,IT/IS,Peter Monroe,LinkedIn,Fully Meets,4.3,5,7,0,20,3156,1
"Gold, Shenice  ",3,0,53018,0,Production Technician I,06/18/92,F,Single,Yes,White,N/A-StillEmployed,Active_1,Production       ,Ketsia Liebig,Indeed,Fully Meets,4.3,5,0,0,7,3660,1
"Gonzalez, Cayo",4,1,59892,0,Production Technician I,09/29/69,M ,Divorced,No,Black or African American,N/A-StillEmployed,Active_1,Production       ,Brannon Miller,Diversity Job Fair,Exceeds,4.5,4,0,0,1,4514,1
"Gonzalez, Juan",1,1,68898,1,Production Technician II,10/12/64,M ,Married,No,Black or African American,career change,Voluntarily Terminated,Production       ,Brannon Miller,Diversity Job Fair,PIP,3.0,3,0,3,10,399,1
"Gonzalez, Maria",3,0,61242,0,IT Support,04/16/81,F,Separated,Yes,White,N/A-StillEmployed,Active_1,IT/IS,Peter Monroe,Employee Referral,Fully Meets,4.61,4,5,0,11,3240,1
"Good, Susan",3,0,66825,0,Production Technician II,05/25/86,F,Married,No,White,N/A-StillEmployed,Active_3,Production       ,David Stanley,LinkedIn,Fully Meets,4.6,3,0,0,20,3478,1
"Gordon, David",3,0,48285,0,Production Technician I,05/21/79,M ,Married,No,White,N/A-StillEmployed,Active_1,Production       ,David Stanley,LinkedIn,Fully Meets,5.0,3,0,0,2,4157,1
"Gosciminski, Phylicia  ",3,0,66149,0,Production Technician II,12/08/83,F,Separated,No,American Indian or Alaska Native,N/A-StillEmployed,Active_3,Production       ,Kissy Sullivan,Google Search,Fully Meets,4.4,5,0,0,1,3702,1
"Goyal, Roxana",3,0,49256,0,Production Technician I,10/09/74,F,Married,No,Asian,N/A-StillEmployed,Active_3,Production       ,Kissy Sullivan,LinkedIn,Fully Meets,4.1,5,0,0,3,3744,1
"Gray, Elijiah  ",3,0,62957,0,Production Manager,07/11/81,M ,Divorced,No,White,N/A-StillEmployed,Active_1,Production       ,Janet King,Employee Referral,Fully Meets,4.63,3,0,0,2,3092,1
"Gross, Paula",3,0,63813,1,Production Technician I,05/21/83,F,Divorced,No,White,more money,Voluntarily Terminated,Production       ,Kelley Spirea,CareerBuilder,Fully Meets,5.0,5,0,0,17,1055,1
"Gruber, Hans",3,0,99020,0,BI Developer,06/30/89,M ,Married,No,Black or African American,N/A-StillEmployed,Active_1,IT/IS,Brian Champaigne,Indeed,Fully Meets,4.2,5,5,0,8,2404,1
"Guilianno, Mike",3,0,71707,1,Area Sales Manager,02/09/69,M ,Single,No,Two or more races,relocation out of area,Voluntarily Terminated,Sales,John Smith,LinkedIn,Fully Meets,4.5,5,0,0,20,968,0
"Handschiegl, Joanne",3,0,54828,0,Production Technician I,03/23/77,F,Married,No,White,N/A-StillEmployed,Active_1,Production       ,Michael Albert,Google Search,Fully Meets,4.2,4,0,0,13,4374,1
"Hankard, Earnest",3,0,64246,0,Production Technician II,08/10/88,M ,Single,Yes,White,N/A-StillEmployed,Active_1,Production       ,Kelley Spirea,LinkedIn,Fully Meets,5.0,3,0,0,20,3660,1
"Harrington, Christie ",3,0,52177,1,Production Technician I,08/18/52,F,Single,No,White,retiring,Voluntarily Terminated,Production       ,Webster Butler,CareerBuilder,Fully Meets,4.64,4,0,0,8,1436,1
"Harrison, Kara",4,0,62065,0,Production Technician I,05/02/74,F,Married,No,White,N/A-StillEmployed,Active_1,Production       ,Amy Dunn,CareerBuilder,Exceeds,4.76,4,0,0,5,3478,1
"Heitzman, Anthony",3,0,46998,0,Production Technician I,01/04/84,M ,Single,No,White,N/A-StillEmployed,Active_1,Production       ,Ketsia Liebig,Google Search,Fully Meets,4.17,4,0,0,1,4115,1
"Hendrickson, Trina",3,0,68099,1,Production Technician II,08/27/72,F,Single,No,White,hours,Voluntarily Terminated,Production       ,Kelley Spirea,CareerBuilder,Fully Meets,5.0,3,0,0,15,890,1
"Hitchcock, Alfred",3,0,70545,0,Area Sales Manager,09/14/88,M ,Married,No,American Indian or Alaska Native,N/A-StillEmployed,Active_1,Sales,John Smith,Indeed,Fully Meets,3.6,5,0,0,9,3380,0
"Homberger, Adrienne  J",3,0,63478,1,Production Technician II,02/16/84,F,Married,No,White,relocation out of area,Voluntarily Terminated,Production       ,Michael Albert,Indeed,Fully Meets,3.03,5,0,0,16,236,1
"Horton, Jayne",3,0,97999,0,Database Administrator,02/21/84,F,Single,No,White,N/A-StillEmployed,Active_1,IT/IS,Simon Roup,Indeed,Fully Meets,4.48,5,6,0,4,3156,1
"Houlihan, Debra",3,0,180000,0,Director of Sales,03/17/66,F,Married,No,White,N/A-StillEmployed,Active_1,Sales,Janet King,LinkedIn,Fully Meets,4.5,4,0,0,19,3485,0
"Howard, Estelle",3,0,49920,1,Administrative Assistant,09/16/85,F,Married,No,Black or African American,"no-call, no-show",Terminated for Cause,Admin Offices,Brandon R. LeBlanc,Indeed,Fully Meets,3.24,3,4,0,6,58,1
"Hudson, Jane",3,0,55425,0,Production Technician I,06/10/86,F,Single,No,White,N/A-StillEmployed,Active_1,Production       ,Ketsia Liebig,LinkedIn,Fully Meets,4.8,4,0,0,4,4290,1
"Hunts, Julissa",3,0,69340,0,Production Technician II,03/11/84,F,Single,No,White,N/A-StillEmployed,Active_2,Production       ,Elijiah Gray,LinkedIn,Fully Meets,3.0,5,0,0,4,2722,1
"Hutter, Rosalie",3,0,64995,0,Production Technician II,05/07/92,F,Separated,No,White,N/A-StillEmployed,Active_2,Production       ,Webster Butler,Indeed,Fully Meets,4.5,3,0,0,6,3089,1
"Huynh, Ming",3,0,68182,1,Production Technician II,09/22/76,F,Divorced,No,White,unhappy,Voluntarily Terminated,Production       ,Amy Dunn,Google Search,Fully Meets,3.72,3,0,0,18,770,1
"Immediato, Walter",2,0,83082,1,Production Manager,11/15/76,M ,Married,No,Asian,unhappy,Voluntarily Terminated,Production       ,Janet King,Indeed,Needs Improvement,2.34,2,0,3,4,581,1
"Ivey, Rose ",3,0,51908,0,Production Technician I,01/28/91,F,Single,No,White,N/A-StillEmployed,Active_1,Production       ,Brannon Miller,Indeed,Fully Meets,3.99,3,0,0,14,3744,1
"Jackson, Maryellen",3,0,61242,0,Production Technician I,09/11/72,F,Single,No,Black or African American,N/A-StillEmployed,Active_1,Production       ,David Stanley,LinkedIn,Fully Meets,4.1,3,0,0,7,4031,1
"Jacobi, Hannah  ",3,0,45069,0,Production Technician I,03/22/66,F,Divorced,No,White,N/A-StillEmployed,Active_1,Production       ,Kissy Sullivan,Employee Referral,Fully Meets,4.3,5,0,0,7,3702,1
"Jeannite, Tayana",4,0,60724,0,Production Technician II,11/06/86,F,Divorced,No,American Indian or Alaska Native,N/A-StillEmployed,Active_1,Production       ,Ketsia Liebig,LinkedIn,Exceeds,4.6,4,0,0,11,4520,1
"Jhaveri, Sneha  ",3,0,60436,0,Production Technician I,04/13/64,F,Separated,No,White,N/A-StillEmployed,Active_1,Production       ,Kelley Spirea,LinkedIn,Fully Meets,5.0,5,0,0,9,3604,1
"Johnson, George",4,0,46837,1,Production Technician I,08/19/59,M ,Married,No,White,more money,Voluntarily Terminated,Production       ,Michael Albert,CareerBuilder,Exceeds,4.7,4,0,0,9,2365,1
"Johnson, Noelle ",3,0,105700,0,Database Administrator,11/07/86,F,Married,No,Asian,N/A-StillEmployed,Active_3,IT/IS,Simon Roup,Indeed,Fully Meets,3.75,3,5,0,2,3240,1
"Johnston, Yen",4,0,63322,0,Production Technician II,09/08/69,F,Single,No,White,N/A-StillEmployed,Active_1,Production       ,Brannon Miller,LinkedIn,Exceeds,4.3,3,0,0,1,3422,1
"Jung, Judy  ",3,0,61154,1,Production Technician I,04/17/86,F,Married,No,Black or African American,unhappy,Voluntarily Terminated,Production       ,Elijiah Gray,CareerBuilder,Fully Meets,4.0,4,0,0,4,1908,1
"Kampew, Donysha",3,0,68999,1,Sales Manager,11/11/89,F,Single,No,White,maternity leave - did not return,Voluntarily Terminated,Sales,Debra Houlihan,Google Search,Fully Meets,4.5,5,0,0,2,899,0
"Keatts, Kramer ",3,0,50482,0,Production Technician I,01/19/76,M ,Single,No,White,N/A-StillEmployed,Active_1,Production       ,Michael Albert,Indeed,Fully Meets,3.07,4,0,0,10,3702,1
"Khemmich, Bartholemew",3,0,65310,0,Area Sales Manager,11/27/79,M ,Single,No,White,N/A-StillEmployed,Active_1,Sales,Lynn Daneault,Indeed,Fully Meets,4.3,5,0,0,13,3744,0
"King, Janet",3,0,250000,0,President & CEO,09/21/54,F,Married,Yes,White,N/A-StillEmployed,Active_1,Executive Office,Board of Directors,Indeed,Fully Meets,4.83,3,0,0,10,4157,1
"Kinsella, Kathleen  ",3,0,54005,1,Production Technician I,12/08/73,F,Married,No,White,more money,Voluntarily Terminated,Production       ,Webster Butler,Google Search,Fully Meets,3.6,5,0,0,16,1347,1
"Kirill, Alexandra  ",3,0,45433,1,Production Technician I,10/08/70,F,Married,No,White,more money,Voluntarily Terminated,Production       ,Amy Dunn,Google Search,Fully Meets,3.49,4,0,0,6,836,1
"Knapp, Bradley  J",3,0,46654,0,Production Technician I,11/10/77,M ,Single,No,Black or African American,N/A-StillEmployed,Active_1,Production       ,Ketsia Liebig,LinkedIn,Fully Meets,3.1,3,0,0,3,3562,1
"Kretschmer, John",3,0,63973,0,Production Technician I,02/02/80,M ,Married,No,Asian,N/A-StillEmployed,Active_1,Production       ,Brannon Miller,Indeed,Fully Meets,3.38,3,0,0,17,4696,1
"Kreuger, Freddy",3,1,71339,0,Area Sales Manager,02/24/69,M ,Single,Yes,Black or African American,N/A-StillEmployed,Active_1,Sales,John Smith,Diversity Job Fair,Fully Meets,3.65,5,0,0,20,4640,0
"Lajiri,  Jyoti",3,0,93206,0,Sr. Network Engineer,04/23/86,M ,Married,No,White,N/A-StillEmployed,Active_3,IT/IS,Peter Monroe,Employee Referral,Fully Meets,4.46,5,6,0,7,3296,1
"Landa, Hans",3,0,82758,1,Production Manager,07/01/72,M ,Married,No,White,attendance,Terminated for Cause,Production       ,Janet King,Employee Referral,Fully Meets,4.78,4,0,0,9,1797,1
"Langford, Lindsey",3,0,66074,1,Production Technician II,07/25/79,F,Divorced,No,Asian,Another position,Voluntarily Terminated,Production       ,David Stanley,Indeed,Fully Meets,4.52,3,0,0,20,448,1
"Langton, Enrico",3,0,46120,0,Production Technician I,12/09/86,M ,Married,No,White,N/A-StillEmployed,Active_1,Production       ,David Stanley,LinkedIn,Fully Meets,5.0,5,0,0,13,4150,1
"LaRotonda, William  ",3,0,64520,0,Accountant I,04/26/84,M ,Divorced,No,Black or African American,N/A-StillEmployed,Active_1,Admin Offices,Brandon R. LeBlanc,Website,Fully Meets,5.0,4,4,0,3,3604,1
"Latif, Mohammed",3,0,61962,1,Production Technician II,05/09/84,M ,Married,No,White,more money,Voluntarily Terminated,Production       ,Kissy Sullivan,Google Search,Fully Meets,4.9,3,0,0,20,378,1
"Le, Binh",3,0,81584,0,Senior BI Developer,06/14/87,F,Single,No,Asian,N/A-StillEmployed,Active_1,IT/IS,Brian Champaigne,Indeed,Fully Meets,4.1,5,7,0,2,2604,1
"Leach, Dallas",3,0,63676,1,Production Technician I,01/17/79,F,Single,No,Asian,return to school,Voluntarily Terminated,Production       ,Kissy Sullivan,CareerBuilder,Fully Meets,4.88,3,0,0,17,2519,1
"LeBlanc, Brandon  R",3,0,93046,0,Shared Services Manager,06/10/84,M ,Married,No,White,N/A-StillEmployed,Active_1,Admin Offices,Janet King,CareerBuilder,Fully Meets,4.1,4,0,0,20,2875,1
"Lecter, Hannibal",3,0,64738,0,Production Technician I,09/02/82,M ,Married,No,Asian,N/A-StillEmployed,Active_1,Production       ,Elijiah Gray,Google Search,Fully Meets,4.1,3,0,0,10,4206,1
"Leruth, Giovanni",3,0,70468,0,Area Sales Manager,12/27/88,M ,Separated,No,Black or African American,N/A-StillEmployed,Active_1,Sales,John Smith,Website,Fully Meets,4.53,3,0,0,16,4220,0
"Liebig, Ketsia",4,0,77915,0,Production Manager,10/26/81,F,Married,No,White,N/A-StillEmployed,Active_1,Production       ,Janet King,Website,Exceeds,4.1,3,0,0,11,3702,1
"Linares, Marilyn ",3,0,52624,1,Production Technician I,03/26/81,F,Married,No,White,unhappy,Voluntarily Terminated,Production       ,Michael Albert,Indeed,Fully Meets,3.18,4,0,0,16,2640,1
"Linden, Mathew",3,0,63450,0,Production Technician II,03/19/79,M ,Married,No,White,N/A-StillEmployed,Active_3,Production       ,Kelley Spirea,LinkedIn,Fully Meets,4.0,3,0,0,7,3786,1
"Lindsay, Leonara ",4,1,51777,0,IT Support,10/05/88,F,Single,Yes,Black or African American,N/A-StillEmployed,Active_1,IT/IS,Eric Dougall,Diversity Job Fair,Exceeds,4.64,4,5,0,14,4685,0
"Lundy, Susan",3,0,67237,1,Production Technician II,12/26/76,F,Widowed,No,White,more money,Voluntarily Terminated,Production       ,Michael Albert,LinkedIn,Fully Meets,4.65,4,0,0,15,1165,1
"Lunquist, Lisa",4,0,73330,0,Production Technician II,03/28/82,F,Single,No,Black or African American,N/A-StillEmployed,Active_1,Production       ,Elijiah Gray,Indeed,Exceeds,4.2,4,0,0,19,3744,1
"Lydon, Allison",3,0,52057,0,Production Technician I,10/22/75,F,Married,No,Black or African American,N/A-StillEmployed,Active_3,Production       ,Elijiah Gray,Website,Fully Meets,5.0,3,0,0,6,3198,1
"Lynch, Lindsay",4,1,47434,1,Production Technician I,02/14/73,F,Single,Yes,Black or African American,Another position,Voluntarily Terminated,Production       ,Webster Butler,Diversity Job Fair,Exceeds,5.0,4,0,0,17,1468,1
"MacLennan, Samuel",3,0,52788,1,Production Technician I,11/09/72,M ,Widowed,No,White,hours,Voluntarily Terminated,Production       ,Amy Dunn,Indeed,Fully Meets,3.08,4,0,0,18,1828,1
"Mahoney, Lauren  ",3,0,45395,0,Production Technician I,07/07/86,F,Single,No,White,N/A-StillEmployed,Active_1,Production       ,Ketsia Liebig,LinkedIn,Fully Meets,4.6,4,0,0,14,3604,1
"Manchester, Robyn",3,0,62385,0,Production Technician II,08/25/76,F,Married,No,White,N/A-StillEmployed,Active_2,Production       ,Webster Butler,LinkedIn,Fully Meets,5.0,3,0,0,4,2748,1
"Mancuso, Karen",3,0,68407,1,Production Technician II,12/10/86,F,Married,No,Two or more races,Another position,Voluntarily Terminated,Production       ,Amy Dunn,LinkedIn,Fully Meets,5.0,4,0,0,16,411,1
"Mangal, Debbie",3,0,61349,0,Production Technician I,11/07/74,F,Married,No,White,N/A-StillEmployed,Active_1,Production       ,Brannon Miller,LinkedIn,Fully Meets,4.1,3,0,0,11,3660,1
"Martin, Sandra",3,0,105688,0,Software Engineer,11/07/87,F,Single,No,Asian,N/A-StillEmployed,Active_1,Software Engineering,Alex Sweetwater,Google Search,Fully Meets,4.5,5,4,0,14,3660,1
"Maurice, Shana",3,0,54132,0,Production Technician I,11/22/77,F,Married,No,White,N/A-StillEmployed,Active_1,Production       ,David Stanley,Indeed,Fully Meets,5.0,4,0,0,8,4555,1
"Carthy, B'rigit",3,0,55315,0,Production Technician II,05/21/87,F,Single,No,Black or African American,N/A-StillEmployed,Active_1,Production       ,Ketsia Liebig,LinkedIn,Fully Meets,5.0,5,0,0,16,3156,1
"Mckenna, Sandy",3,0,62810,0,Production Technician I,01/07/87,F,Married,No,Black or African American,N/A-StillEmployed,Active_1,Production       ,Kissy Sullivan,CareerBuilder,Fully Meets,3.93,3,0,0,20,3968,1
"McKinzie, Jac",3,0,63291,0,Area Sales Manager,07/01/84,M ,Married,No,Two or more races,N/A-StillEmployed,Active_2,Sales,Lynn Daneault,Website,Fully Meets,3.4,4,0,0,7,2692,0
"Meads, Elizabeth",3,1,62659,1,Production Technician I,05/30/68,F,Single,No,Black or African American,Another position,Voluntarily Terminated,Production       ,Kelley Spirea,Diversity Job Fair,Fully Meets,4.18,4,0,0,17,1684,1
"Medeiros, Jennifer",3,0,55688,0,Production Technician I,09/22/76,F,Single,No,White,N/A-StillEmployed,Active_1,Production       ,Michael Albert,CareerBuilder,Fully Meets,5.0,4,0,0,10,3156,1
"Miller, Brannon",3,0,83667,0,Production Manager,08/10/81,M ,Single,yes,Hispanic,N/A-StillEmployed,Active_1,Production       ,Janet King,Indeed,Fully Meets,4.37,3,0,0,2,4112,1
"Miller, Ned",1,0,55800,1,Production Technician II,06/29/85,M ,Single,No,White,unhappy,Voluntarily Terminated,Production       ,Brannon Miller,LinkedIn,PIP,3.0,2,0,6,6,1116,1
"Monkfish, Erasumus",3,0,58207,0,Production Technician II,08/17/92,M ,Married,No,White,N/A-StillEmployed,Active_1,Production       ,David Stanley,LinkedIn,Fully Meets,3.7,3,0,0,14,4395,1
"Monroe, Peter",2,1,157000,0,IT Manager - Infra,10/05/86,M ,Married,Yes,Black or African American,N/A-StillEmployed,Active_1,IT/IS,Jennifer Zamora,Diversity Job Fair,Needs Improvement,2.39,3,6,4,13,4295,1
"Monterro, Luisa",4,0,72460,0,Production Technician II,04/24/70,F,Single,No,Black or African American,N/A-StillEmployed,Active_1,Production       ,Kissy Sullivan,Indeed,Exceeds,4.7,3,0,0,1,3842,1
"Moran, Patrick",3,1,72106,0,Production Technician II,12/03/76,M ,Single,No,Black or African American,N/A-StillEmployed,Active_3,Production       ,Kelley Spirea,Diversity Job Fair,Fully Meets,4.1,4,0,0,12,4332,1
"Morway, Tanya",3,0,52599,0,Network Engineer,04/04/79,F,Married,No,White,N/A-StillEmployed,Active_1,IT/IS,Peter Monroe,CareerBuilder,Fully Meets,3.81,3,6,0,6,3198,1
"Motlagh,  Dawn",3,0,63430,0,Production Technician I,07/07/84,F,Divorced,No,White,N/A-StillEmployed,Active_1,Production       ,Elijiah Gray,LinkedIn,Fully Meets,4.4,4,0,0,18,3884,1
"Moumanil, Maliki ",3,0,74417,0,Production Technician II,12/01/74,M ,Separated,No,Black or African American,N/A-StillEmployed,Active_1,Production       ,Michael Albert,LinkedIn,Fully Meets,4.29,5,0,0,11,3842,1
"Myers, Michael",3,0,57575,0,Production Technician I,04/18/80,M ,Single,No,Asian,N/A-StillEmployed,Active_1,Production       ,Kissy Sullivan,LinkedIn,Fully Meets,4.1,4,0,0,13,3786,1
"Navathe, Kurt",3,0,87921,0,Senior BI Developer,04/25/70,M ,Single,No,Asian,N/A-StillEmployed,Active_1,IT/IS,Brian Champaigne,Indeed,Fully Meets,5.0,3,6,0,17,2473,1
"Ndzi, Colombui",3,1,50470,1,Production Technician I,05/02/89,M ,Single,No,Black or African American,return to school,Voluntarily Terminated,Production       ,Webster Butler,Diversity Job Fair,Fully Meets,4.3,3,0,0,19,921,1
"Ndzi, Horia",3,0,46664,1,Production Technician I,03/28/83,M ,Married,No,White,more money,Voluntarily Terminated,Production       ,Amy Dunn,Employee Referral,Fully Meets,3.18,3,0,0,10,1150,1
"Newman, Richard ",3,0,48495,0,Production Technician I,04/08/77,M ,Married,No,White,N/A-StillEmployed,Active_3,Production       ,Ketsia Liebig,LinkedIn,Fully Meets,5.0,5,0,0,11,3478,1
"Ngodup, Shari ",4,1,52984,0,Production Technician I,06/03/67,F,Separated,No,Black or African American,N/A-StillEmployed,Active_1,Production       ,Brannon Miller,Diversity Job Fair,Exceeds,4.0,3,0,0,12,3884,1
"Nguyen, Dheepa",3,0,63695,0,Area Sales Manager,03/31/89,F,Single,No,Two or more races,N/A-StillEmployed,Active_1,Sales,Lynn Daneault,Indeed,Fully Meets,5.0,5,0,0,2,3786,0
"Nguyen, Lei-Ming",3,0,62061,0,Production Technician I,07/07/84,F,Single,No,White,N/A-StillEmployed,Active_1,Production       ,David Stanley,LinkedIn,Fully Meets,3.6,5,0,0,4,3786,1
"Nowlan, Kristie",3,0,66738,0,Production Technician II,11/23/85,F,Single,No,White,N/A-StillEmployed,Active_1,Production       ,Elijiah Gray,Indeed,Fully Meets,4.53,5,0,0,5,3296,1
"O'hare, Lynn",1,0,52674,1,Production Technician I,09/30/80,F,Single,No,Two or more races,performance,Terminated for Cause,Production       ,Kissy Sullivan,LinkedIn,PIP,2.33,2,0,6,3,1492,1
"Oliver, Brooke ",3,0,71966,1,Production Technician II,02/11/52,F,Married,No,Asian,unhappy,Voluntarily Terminated,Production       ,Webster Butler,LinkedIn,Fully Meets,5.0,3,0,0,17,462,1
"Onque, Jasmine",3,0,63051,0,Area Sales Manager,05/11/90,F,Single,Yes,White,N/A-StillEmployed,Active_1,Sales,Lynn Daneault,Indeed,Fully Meets,4.28,3,0,0,1,3702,0
"Osturnka, Adeel",4,0,47414,0,Production Technician I,12/11/76,M ,Married,No,White,N/A-StillEmployed,Active_1,Production       ,Kelley Spirea,LinkedIn,Exceeds,5.0,3,0,0,13,3702,1
"Owad, Clinton",2,0,53060,0,Production Technician I,11/24/79,M ,Single,No,Black or African American,N/A-StillEmployed,Active_1,Production       ,Michael Albert,LinkedIn,Needs Improvement,4.25,3,0,4,6,3562,1
"Ozark, Travis",3,0,68829,0,Area Sales Manager,05/19/82,M ,Single,No,White,N/A-StillEmployed,Active_1,Sales,John Smith,Website,Fully Meets,5.0,5,0,0,18,3240,0
"Panjwani, Nina",3,0,63515,1,Production Technician I,05/01/79,F,Married,No,White,Another position,Voluntarily Terminated,Production       ,Elijiah Gray,Google Search,Fully Meets,3.89,4,0,0,7,1070,1
"Patronick, Lucas",4,1,108987,1,Software Engineer,02/20/79,M ,Single,No,Black or African American,Another position,Voluntarily Terminated,Software Engineering,Alex Sweetwater,Diversity Job Fair,Exceeds,5.0,5,3,0,13,1400,1
"Pearson, Randall",3,0,93093,1,Data Analyst,09/05/84,M ,Married,No,White,performance,Voluntarily Terminated,IT/IS,Simon Roup,Employee Referral,Fully Meets,4.7,4,5,0,19,517,1
"Smith, Martin",2,0,53564,1,Production Technician I,03/17/88,M ,Single,No,Black or African American,career change,Voluntarily Terminated,Production       ,Webster Butler,Google Search,Needs Improvement,3.54,5,0,4,15,2544,1
"Pelletier, Ermine",2,0,60270,1,Production Technician II,07/18/89,F,Married,No,Asian,unhappy,Voluntarily Terminated,Production       ,Amy Dunn,CareerBuilder,Needs Improvement,2.4,5,0,5,2,1533,1
"Perry, Shakira",3,0,45998,1,Production Technician I,07/20/86,F,Single,No,White,medical issues,Voluntarily Terminated,Production       ,Amy Dunn,LinkedIn,Fully Meets,3.45,4,0,0,5,1623,1
"Peters, Lauren",4,0,57954,1,Production Technician II,08/17/86,F,Married,No,White,more money,Voluntarily Terminated,Production       ,Ketsia Liebig,Indeed,Exceeds,4.2,5,0,0,12,630,1
"Peterson, Ebonee  ",3,0,74669,1,Production Manager,05/09/77,F,Married,No,White,Another position,Voluntarily Terminated,Production       ,Janet King,Indeed,Fully Meets,4.16,5,0,0,6,2032,1
"Petingill, Shana  ",3,0,74226,0,Production Technician II,03/10/79,F,Married,No,Asian,N/A-StillEmployed,Active_1,Production       ,Brannon Miller,LinkedIn,Fully Meets,4.3,3,0,0,14,4248,1
"Petrowsky, Thelma",4,0,93554,0,Data Analyst,09/16/84,F,Married,No,Black or African American,N/A-StillEmployed,Active_1,IT/IS,Simon Roup,Employee Referral,Exceeds,4.6,5,7,0,16,3296,1
"Pham, Hong",3,0,64724,1,Production Technician I,03/06/88,M ,Married,No,Asian,more money,Voluntarily Terminated,Production       ,Brannon Miller,Google Search,Fully Meets,5.0,3,0,0,13,514,1
"Pitt, Brad ",3,0,47001,0,Production Technician I,11/23/81,M ,Single,No,White,N/A-StillEmployed,Active_1,Production       ,David Stanley,Google Search,Fully Meets,3.66,3,0,0,15,5858,1
"Potts, Xana",3,0,61844,0,Area Sales Manager,08/29/88,F,Married,No,Black or African American,N/A-StillEmployed,Active_1,Sales,Lynn Daneault,Website,Fully Meets,4.2,5,0,0,9,4332,0
"Power, Morissa",3,0,46799,1,Production Technician I,10/15/84,F,Divorced,No,Asian,Another position,Voluntarily Terminated,Production       ,Kissy Sullivan,Google Search,Fully Meets,3.17,4,0,0,14,2576,1
"Punjabhi, Louis  ",3,0,59472,0,Production Technician I,06/19/61,M ,Single,No,White,N/A-StillEmployed,Active_1,Production       ,Kelley Spirea,Employee Referral,Fully Meets,4.8,3,0,0,14,3604,1
"Purinton, Janine",3,0,46430,1,Production Technician I,09/22/70,F,Divorced,No,White,unhappy,Voluntarily Terminated,Production       ,Kissy Sullivan,Indeed,Fully Meets,4.5,5,0,0,16,267,1
"Quinn, Sean",3,1,83363,1,Software Engineer,11/06/84,M ,Married,No,Black or African American,career change,Voluntarily Terminated,Software Engineering,Janet King,Diversity Job Fair,Fully Meets,4.15,4,0,0,4,1636,1
"Rachael, Maggie",3,0,95920,0,BI Developer,05/12/80,F,Married,No,Black or African American,N/A-StillEmployed,Active_1,IT/IS,Brian Champaigne,Indeed,Fully Meets,4.4,4,6,0,10,2604,1
"Rarrick, Quinn",3,0,61729,1,Production Technician I,12/31/84,M ,Divorced,No,White,more money,Voluntarily Terminated,Production       ,Michael Albert,Indeed,Fully Meets,3.8,5,0,0,19,2385,1
"Ren, Kylo",3,0,61809,0,Area Sales Manager,10/12/54,M ,Married,No,White,N/A-StillEmployed,Active_1,Sales,John Smith,CareerBuilder,Fully Meets,3.98,3,0,0,4,3478,0
"Rhoads, Thomas",3,0,45115,1,Production Technician I,07/22/82,M ,Divorced,Yes,White,retiring,Voluntarily Terminated,Production       ,Elijiah Gray,LinkedIn,Fully Meets,5.0,4,0,0,11,1705,1
"Rivera, Haley  ",4,0,46738,0,Production Technician I,01/12/73,F,Married,No,Asian,N/A-StillEmployed,Active_1,Production       ,Webster Butler,Google Search,Exceeds,4.36,5,0,0,16,4374,1
"Roberson, May",3,0,64971,1,Production Technician II,09/05/81,F,Divorced,No,Black or African American,return to school,Voluntarily Terminated,Production       ,David Stanley,Google Search,Fully Meets,4.5,4,0,0,10,26,1
"Robertson, Peter",3,0,55578,1,Production Technician II,07/03/72,M ,Married,No,White,Another position,Voluntarily Terminated,Production       ,Kissy Sullivan,Indeed,Fully Meets,4.2,5,0,0,13,218,1
"Robinson, Alain  ",3,0,50428,1,Production Technician I,01/07/74,M ,Married,No,Black or African American,attendance,Voluntarily Terminated,Production       ,Amy Dunn,Indeed,Fully Meets,5.0,3,0,0,11,1842,1
"Robinson, Cherly",2,0,61422,1,Production Technician I,01/07/85,F,Married,No,White,attendance,Terminated for Cause,Production       ,Ketsia Liebig,Indeed,Needs Improvement,3.6,3,0,4,16,1954,1
"Robinson, Elias",4,0,63353,0,Production Technician I,01/28/85,M ,Widowed,No,White,N/A-StillEmployed,Active_1,Production       ,Brannon Miller,Employee Referral,Exceeds,3.6,5,0,0,4,3786,1
"Roby, Lori ",3,0,89883,0,Data Analyst,10/11/81,F,Married,No,White,N/A-StillEmployed,Active_1,IT/IS,Simon Roup,Employee Referral,Fully Meets,3.69,5,6,0,15,3198,1
"Roehrich, Bianca",3,0,120000,1,Principal Data Architect,05/27/73,F,Single,Yes,White,Another position,Voluntarily Terminated,IT/IS,Simon Roup,LinkedIn,Fully Meets,3.88,3,7,0,12,1405,1
"Roper, Katie",3,0,150290,0,Data Architect,11/21/72,F,Single,No,Black or African American,N/A-StillEmployed,Active_1,IT/IS,Brian Champaigne,Indeed,Fully Meets,4.94,3,5,0,17,2507,1
"Rose, Ashley  ",3,0,60627,0,Production Technician I,12/05/74,F,Separated,No,White,N/A-StillEmployed,Active_1,Production       ,David Stanley,Website,Fully Meets,5.0,4,0,0,8,3604,1
"Rossetti, Bruno",3,0,53180,1,Production Technician I,03/18/87,M ,Single,No,White,Another position,Voluntarily Terminated,Production       ,Kissy Sullivan,Google Search,Fully Meets,5.0,5,0,0,4,2688,1
"Roup,Simon",3,0,140920,0,IT Manager - DB,04/05/73,M ,Single,No,White,N/A-StillEmployed,Active_1,IT/IS,Jennifer Zamora,Indeed,Fully Meets,3.6,5,7,0,13,3955,1
"Ruiz, Ricardo",3,1,148999,1,IT Manager - DB,01/04/64,M ,Divorced,No,Black or African American,hours,Voluntarily Terminated,IT/IS,Jennifer Zamora,Diversity Job Fair,Fully Meets,4.3,4,6,0,8,1395,1
"Saada, Adell",3,0,86214,0,Software Engineer,07/24/86,F,Married,No,White,N/A-StillEmployed,Active_1,Software Engineering,Alex Sweetwater,Indeed,Fully Meets,4.2,3,6,0,2,4031,1
"Saar-Beckles, Melinda",2,1,47750,0,Production Technician I,06/06/68,F,Single,No,Black or African American,N/A-StillEmployed,Active_2,Production       ,Kelley Spirea,Diversity Job Fair,Needs Improvement,2.6,4,0,5,4,2694,1
"Sadki, Nore  ",3,0,46428,1,Production Technician I,12/21/74,M ,Single,No,White,relocation out of area,Voluntarily Terminated,Production       ,Michael Albert,Google Search,Fully Meets,4.6,5,0,0,7,3493,1
"Sahoo, Adil",3,0,57975,0,Production Technician II,04/26/86,M ,Married,No,White,N/A-StillEmployed,Active_1,Production       ,Kelley Spirea,CareerBuilder,Fully Meets,4.1,3,0,0,13,4829,1
"Salter, Jason",3,0,88527,1,Data Analyst ,12/17/87,M ,Divorced,No,Black or African American,hours,Voluntarily Terminated,IT/IS,Simon Roup,LinkedIn,Fully Meets,4.2,3,5,0,2,299,1
"Sander, Kamrin",3,0,56147,0,Production Technician I,07/10/88,F,Married,No,Black or African American,N/A-StillEmployed,Active_1,Production       ,Elijiah Gray,LinkedIn,Fully Meets,3.51,3,0,0,2,3338,1
"Sewkumar, Nori",3,0,50923,0,Production Technician I,03/10/75,F,Single,No,Asian,N/A-StillEmployed,Active_3,Production       ,Webster Butler,Google Search,Fully Meets,5.0,5,0,0,14,3702,1
"Shepard, Anita ",3,0,50750,0,Network Engineer,04/14/81,F,Married,No,White,N/A-StillEmployed,Active_1,IT/IS,Peter Monroe,LinkedIn,Fully Meets,3.31,3,6,0,7,3337,1
"Shields, Seffi",3,0,52087,0,Production Technician I,08/24/85,F,Married,No,White,N/A-StillEmployed,Active_1,Production       ,Amy Dunn,LinkedIn,Fully Meets,4.81,4,0,0,15,3744,1
"Simard, Kramer",3,0,87826,0,Data Analyst,02/08/70,M ,Married,Yes,White,N/A-StillEmployed,Active_1,IT/IS,Simon Roup,Employee Referral,Fully Meets,3.32,3,7,0,16,3240,1
"Singh, Nan ",3,0,51920,0,Administrative Assistant,05/19/88,F,Single,No,White,N/A-StillEmployed,Active_1,Admin Offices,Brandon R. LeBlanc,Website,Fully Meets,5.0,3,5,0,2,3124,1
"Sloan, Constance",3,0,63878,1,Production Technician II,11/25/87,F,Single,No,White,maternity leave - did not return,Voluntarily Terminated,Production       ,Michael Albert,CareerBuilder,Fully Meets,4.68,4,0,0,20,1990,1
"Smith, Joe",4,0,60656,0,Production Technician II,10/30/63,M ,Single,No,White,N/A-StillEmployed,Active_1,Production       ,Elijiah Gray,Indeed,Exceeds,4.3,3,0,0,4,3338,1
"Smith, John",2,1,72992,0,Sales Manager,08/16/84,M ,Divorced,No,Black or African American,N/A-StillEmployed,Active_1,Sales,Debra Houlihan,Diversity Job Fair,Needs Improvement,2.4,4,0,2,16,3472,1
"Smith, Leigh Ann",3,1,55000,1,Administrative Assistant,06/14/87,F,Married,No,Black or African American,career change,Voluntarily Terminated,Admin Offices,Brandon R. LeBlanc,Diversity Job Fair,Fully Meets,3.8,4,4,0,17,730,1
"Smith, Sade",3,0,58939,0,Production Technician I,02/02/65,F,Single,No,White,N/A-StillEmployed,Active_1,Production       ,Ketsia Liebig,Employee Referral,Fully Meets,3.73,3,0,0,16,3660,1
"Soto, Julia ",3,0,66593,0,IT Support,03/12/73,F,Married,No,Black or African American,N/A-StillEmployed,Active_1,IT/IS,Eric Dougall,LinkedIn,Fully Meets,4.3,3,5,0,19,4545,1
"Soze, Keyser",3,0,87565,0,Sr. Network Engineer,02/09/83,M ,Married,No,Asian,N/A-StillEmployed,Active_2,IT/IS,Peter Monroe,LinkedIn,Fully Meets,3.27,4,5,0,13,2698,1
"Sparks, Taylor  ",1,0,64021,0,Production Technician I,07/20/68,F,Married,No,White,N/A-StillEmployed,Active_1,Production       ,Brannon Miller,Indeed,PIP,2.4,2,1,6,20,4290,1
"Spirea, Kelley",3,0,65714,0,Production Manager,09/30/75,F,Married,No,White,N/A-StillEmployed,Active_1,Production       ,Janet King,LinkedIn,Fully Meets,4.83,5,0,0,15,4065,1
"Squatrito, Kristen",4,0,62425,1,Production Technician I,03/26/73,F,Divorced,No,White,unhappy,Voluntarily Terminated,Production       ,David Stanley,LinkedIn,Exceeds,4.1,4,0,0,16,777,1
"Stanford,Barbara  M",3,0,47961,0,Production Technician I,08/25/82,F,Divorced,No,Two or more races,N/A-StillEmployed,Active_1,Production       ,Kissy Sullivan,Google Search,Fully Meets,4.1,4,0,0,9,4696,1
"Stansfield, Norman",1,0,58273,0,Area Sales Manager,05/09/74,M ,Married,No,White,N/A-StillEmployed,Active_1,Sales,Lynn Daneault,Website,PIP,1.81,2,0,3,5,3478,0
"Steans, Tyrone  ",3,0,63003,0,Accountant I,09/01/86,M ,Single,No,White,N/A-StillEmployed,Active_1,Admin Offices,Brandon R. LeBlanc,Indeed,Fully Meets,3.9,5,5,0,9,3338,1
"Stoica, Rick",3,0,61355,0,Production Technician I,03/14/85,M ,Married,No,Asian,N/A-StillEmployed,Active_1,Production       ,Kelley Spirea,LinkedIn,Fully Meets,4.7,3,0,0,4,3562,1
"Strong, Caitrin",3,0,60120,0,Area Sales Manager,05/12/89,F,Married,No,Black or African American,N/A-StillEmployed,Active_1,Sales,John Smith,Indeed,Fully Meets,4.1,4,0,0,18,4801,0
"Sullivan, Kissy ",3,0,63682,0,Production Manager,03/28/78,F,Married,No,Black or African American,N/A-StillEmployed,Active_1,Production       ,Janet King,Indeed,Fully Meets,3.73,4,0,0,12,5428,1
"Sullivan, Timothy",3,0,63025,0,Production Technician I,10/07/82,M ,Married,Yes,White,N/A-StillEmployed,Active_1,Production       ,Michael Albert,Google Search,Fully Meets,4.36,5,0,0,10,3240,1
"Sutwell, Barbara",3,0,59238,0,Production Technician I,08/15/68,F,Single,No,Asian,N/A-StillEmployed,Active_1,Production       ,Elijiah Gray,Indeed,Fully Meets,3.4,5,0,0,13,4206,1
"Szabo, Andrew",4,0,92989,0,Software Engineer,05/06/83,M ,Single,No,White,N/A-StillEmployed,Active_1,Software Engineering,Alex Sweetwater,LinkedIn,Exceeds,4.5,5,5,0,1,3422,1
"Tannen, Biff",3,0,90100,0,BI Developer,10/24/87,M ,Married,No,White,N/A-StillEmployed,Active_1,IT/IS,Brian Champaigne,Indeed,Fully Meets,3.4,3,6,0,14,2404,1
"Tavares, Desiree  ",3,1,60754,1,Production Technician I,04/03/75,F,Married,No,Black or African American,Another position,Voluntarily Terminated,Production       ,Webster Butler,Diversity Job Fair,Fully Meets,4.5,5,0,0,11,1435,1
"Tejeda, Lenora ",3,0,72202,1,Production Technician II,05/24/53,F,Married,No,White,Another position,Voluntarily Terminated,Production       ,Elijiah Gray,Google Search,Fully Meets,3.93,3,0,0,3,2245,1
"Terry, Sharlene ",3,0,58370,0,Area Sales Manager,05/07/65,F,Single,No,Black or African American,N/A-StillEmployed,Active_1,Sales,Lynn Daneault,Indeed,Fully Meets,3.69,3,0,0,18,3338,0
"Theamstern, Sophia",3,0,48413,1,Production Technician I,05/09/65,F,Single,No,White,return to school,Voluntarily Terminated,Production       ,Amy Dunn,Indeed,Fully Meets,3.98,4,0,0,1,1889,1
"Thibaud, Kenneth",3,0,67176,1,Production Technician II,09/16/75,M ,Widowed,No,White,military,Voluntarily Terminated,Production       ,Webster Butler,Other,Fully Meets,4.1,4,0,0,15,1162,1
"Tippett, Jeanette",3,0,56339,0,Production Technician I,06/05/67,F,Divorced,No,Black or African American,N/A-StillEmployed,Active_1,Production       ,Brannon Miller,Indeed,Fully Meets,4.21,5,0,0,4,3926,1
"Torrence, Jack",4,0,64397,0,Area Sales Manager,01/15/68,M ,Separated,No,White,N/A-StillEmployed,Active_1,Sales,Lynn Daneault,Indeed,Exceeds,4.1,3,0,0,6,6523,0
"Trang, Mei",2,0,63025,0,Production Technician I,05/16/83,F,Single,No,White,N/A-StillEmployed,Active_1,Production       ,David Stanley,LinkedIn,Needs Improvement,2.44,5,0,4,18,3562,1
"Tredinnick, Neville ",3,0,75281,1,Network Engineer,05/05/88,M ,Married,No,White,medical issues,Voluntarily Terminated,IT/IS,Peter Monroe,CareerBuilder,Fully Meets,5.0,3,5,0,11,403,1
"True, Edward",3,1,100416,1,Software Engineer,06/14/83,M ,Single,No,Black or African American,medical issues,Voluntarily Terminated,Software Engineering,Alex Sweetwater,Diversity Job Fair,Fully Meets,4.6,3,4,0,9,1882,1
"Trzeciak, Cybil",3,0,74813,1,Production Technician II,03/15/85,F,Single,No,White,unhappy,Voluntarily Terminated,Production       ,Amy Dunn,LinkedIn,Fully Meets,4.4,3,0,0,5,1269,1
"Turpin, Jumil",3,0,76029,0,Network Engineer,03/31/69,M ,Married,No,White,N/A-StillEmployed,Active_1,IT/IS,Peter Monroe,Employee Referral,Fully Meets,5.0,4,7,0,8,3156,1
"Valentin,Jackie",3,0,57859,0,Area Sales Manager,05/23/91,F,Married,No,Two or more races,N/A-StillEmployed,Active_1,Sales,John Smith,Indeed,Fully Meets,2.81,3,0,0,16,4520,0
"Veera, Abdellah ",4,0,58523,1,Production Technician I,01/31/87,M ,Divorced,No,White,maternity leave - did not return,Voluntarily Terminated,Production       ,Kissy Sullivan,LinkedIn,Exceeds,4.5,5,0,0,15,1271,1
"Vega, Vincent",3,0,88976,0,Production Manager,10/10/68,M ,Divorced,No,White,N/A-StillEmployed,Active_1,Production       ,Janet King,Employee Referral,Fully Meets,3.93,3,0,0,19,4493,1
"Villanueva, Noah",3,0,55875,0,Area Sales Manager,07/11/89,M ,Single,No,Asian,N/A-StillEmployed,Active_1,Sales,John Smith,Website,Fully Meets,4.5,4,0,0,11,4276,0
"Voldemort, Lord",3,0,113999,1,Database Administrator,08/07/86,M ,Married,No,Black or African American,"no-call, no-show",Terminated for Cause,IT/IS,Simon Roup,Employee Referral,Fully Meets,4.33,3,7,0,9,737,1
"Volk, Colleen",4,0,49773,1,Production Technician I,06/03/86,F,Married,No,White,gross misconduct,Terminated for Cause,Production       ,Kelley Spirea,Google Search,Exceeds,4.3,5,0,0,18,1596,1
"Von Massenbach, Anna",3,0,62068,0,Production Technician I,04/06/85,F,Single,No,White,N/A-StillEmployed,Active_2,Production       ,Michael Albert,LinkedIn,Fully Meets,3.21,3,0,0,7,3059,1
"Walker, Roger",3,0,66541,0,Production Technician II,02/10/76,M ,Single,No,Black or African American,N/A-StillEmployed,Active_1,Production       ,Ketsia Liebig,Employee Referral,Fully Meets,3.11,5,0,0,4,3380,1
"Wallace, Courtney  E",3,1,80512,1,Production Manager,11/14/55,F,Married,No,Black or African American,Another position,Voluntarily Terminated,Production       ,Janet King,Diversity Job Fair,Fully Meets,4.5,3,0,0,5,98,1
"Wallace, Theresa",2,0,50274,1,Production Technician I,08/02/80,F,Single,No,White,career change,Voluntarily Terminated,Production       ,Elijiah Gray,CareerBuilder,Needs Improvement,2.5,3,0,6,13,1114,1
"Wang, Charlie",3,0,84903,0,Senior BI Developer,07/08/81,M ,Single,No,Asian,N/A-StillEmployed,Active_1,IT/IS,Brian Champaigne,Indeed,Fully Meets,3.42,4,7,0,17,2468,1
"Warfield, Sarah",3,0,107226,0,Sr. Network Engineer,05/02/78,F,Widowed,No,Asian,N/A-StillEmployed,Active_1,IT/IS,Peter Monroe,Employee Referral,Fully Meets,4.2,4,8,0,7,3156,1
"Whittier, Scott",3,0,58371,1,Production Technician I,05/24/87,M ,Single,Yes,White,hours,Voluntarily Terminated,Production       ,Webster Butler,LinkedIn,Fully Meets,5.0,5,0,0,11,1221,1
"Wilber, Barry",3,0,55140,1,Production Technician I,09/09/65,M ,Married,No,White,unhappy,Voluntarily Terminated,Production       ,Amy Dunn,Website,Fully Meets,5.0,3,0,0,7,1575,1
"Wilkes, Annie",3,0,58062,1,Production Technician I,07/30/83,F,Divorced,No,White,Another position,Voluntarily Terminated,Production       ,Ketsia Liebig,Google Search,Fully Meets,3.6,5,0,0,9,490,1
"Williams, Jacquelyn  ",3,1,59728,1,Production Technician I,10/02/69,F,Single,Yes,Black or African American,relocation out of area,Voluntarily Terminated,Production       ,Ketsia Liebig,Diversity Job Fair,Fully Meets,4.3,4,0,0,16,1265,1
"Winthrop, Jordan  ",4,0,70507,1,Production Technician II,11/07/58,M ,Single,No,White,retiring,Voluntarily Terminated,Production       ,Brannon Miller,LinkedIn,Exceeds,5.0,3,0,0,7,1140,1
"Wolk, Hang  T",3,0,60446,0,Production Technician II,04/20/85,F,Single,No,White,N/A-StillEmployed,Active_1,Production       ,David Stanley,LinkedIn,Fully Meets,3.4,4,0,0,14,3338,1
"Woodson, Jason",3,0,65893,0,Production Technician II,05/11/85,M ,Single,No,White,N/A-StillEmployed,Active_1,Production       ,Kissy Sullivan,LinkedIn,Fully Meets,4.07,4,0,0,13,3422,1
"Ybarra, Catherine ",1,0,48513,1,Production Technician I,05/04/82,F,Single,No,Asian,Another position,Voluntarily Terminated,Production       ,Brannon Miller,Google Search,PIP,3.2,2,0,5,4,2583,1
"Zamora, Jennifer",4,0,220450,0,CIO,08/30/79,F,Single,No,White,N/A-StillEmployed,Active_1,IT/IS,Janet King,Employee Referral,Exceeds,4.6,5,6,0,16,4971,1
"Zhou, Julia",3,0,89292,0,Data Analyst,02/24/79,F,Single,No,White,N/A-StillEmployed,Active_1,IT/IS,Simon Roup,Employee Referral,Fully Meets,5.0,3,5,0,11,3156,1
"Zima, Colleen",3,0,45046,0,Production Technician I,08/17/78,F,Widowed,No,Asian,N/A-StillEmployed,Active_1,Production       ,David Stanley,LinkedIn,Fully Meets,4.5,5,0,0,2,3338,1
